Key,P/E Ratio
Reliance Industries Limited,27.472559
Tata Consultancy Services Limited,31.367704
HDFC Bank Limited,15.330371
ICICI Bank Limited,17.22073
Infosys Limited,28.104649
Hindustan Unilever Limited,56.320587
Bharti Airtel Limited,87.81083
ITC Limited,26.956785
State Bank of India,8.475985
Life Insurance Corporation Of India,15.938085
Larsen & Toubro Limited,37.271034
Bajaj Finance Limited,29.774372
HCL Technologies Limited,27.271784
Kotak Mahindra Bank Limited,20.805273
Axis Bank Limited,25.133287
Asian Paints Limited,51.582146
Titan Company Limited,97.12048
Adani Enterprises Limited,147.56668
Maruti Suzuki India Limited,28.279634
UltraTech Cement Limited,44.56256
Sun Pharmaceutical Industries Limited,37.88886
NTPC Limited,17.339796
Bajaj Finserv Limited,33.566105
Avenue Supermarts Limited,101.41678
Tata Motors Limited,22.128464
Oil & Natural Gas Corporation Limited,7.2348814
Nestle India Limited,80.07139
Adani Green Energy Limited,195.7638
Wipro Limited,22.005136
Coal India Limited,8.932572
Adani Ports and Special Economic Zone Limited,41.528107
Power Grid Corporation of India Limited,15.793225
JSW Steel Limited,17.424475
Adani Power Limited,11.206314
Bajaj Auto Limited,29.280771
Hindustan Aeronautics Limited,33.202816
LTIMindtree Limited,34.668797
Indian Oil Corporation Limited,4.400529
DLF Limited,83.07892
Varun Beverages Limited,83.626305
Jio Financial Services Limited,5048.0
SBI Life Insurance Company Limited,76.86427
Siemens Limited,74.53513
Grasim Industries Limited,21.182209
HDFC Life Insurance Company Limited,82.80676
Hindalco Industries Limited,15.100449
Pidilite Industries Limited,74.51618
Bharat Electronics Limited,37.50511
Hindustan Zinc Limited,16.128622
Indian Railway Finance Corporation Limited,36.61638
Britannia Industries Limited,48.788025
Power Finance Corporation Limited,8.19544
IndusInd Bank Limited,13.818255
Tech Mahindra Limited,41.35161
Bank of Baroda,7.1916265
Adani Energy Solutions Limited,102.07456
Godrej Consumer Products Limited,73.32262
InterGlobe Aviation Limited,21.04736
Eicher Motors Limited,30.12792
REC Limited,9.932677
Adani Total Gas Limited,183.5649
Trent Limited,176.29546
GAIL (India) Limited,14.156479
Tata Power Company Limited,34.874443
Cholamandalam Investment and Finance Company Limited,29.572573
Punjab National Bank,17.150072
Divi's Laboratories Limited,72.68642
Ambuja Cements Limited,62.64412
SHREE CEMENT LIMITED,47.569675
TATA CONSUMER PRODUCTS LIMITED,82.156364
Cipla Limited,30.21228
ABB India Limited,79.76925
Dabur India Limited,56.227184
Macrotech Developers Limited,63.409225
Bharat Petroleum Corporation Limited,3.7416294
Dr. Reddy's Laboratories Limited,19.123005
TVS Motor Company Limited,57.967754
Vedanta Limited,21.309523
Union Bank of India,7.662957
Havells India Limited,69.55556
Bajaj Holdings & Investment Limited,15.726973
Hero MotoCorp Limited,28.274567
Polycab India Limited,38.650745
Apollo Hospitals Enterprise Limited,130.23924
Indian Overseas Bank,38.272057
United Spirits Limited,60.439285
Mankind Pharma Limited,69.24704
Canara Bank,6.2043796
Torrent Pharmaceuticals Limited,63.22345
Shriram Finance Limited,13.610401
ICICI Prudential Life Insurance Company Limited,81.37224
Jindal Steel & Power Limited,8.004852
SRF Limited,46.39168
IDBI Bank Limited,17.570564
SBI Cards and Payment Services Limited,28.847244
Indian Railway Catering And Tourism Corporation Limited,72.48307
Marico Limited,47.224667
Berger Paints (I) Limited,63.754227
ICICI Lombard General Insurance Company Limited,40.56733
Zydus Lifesciences Limited,27.351458
CG Power and Industrial Solutions Limited,78.614456
Samvardhana Motherson International Limited,40.851063
Colgate Palmolive (India) Limited,54.13927
Tube Investments of India Limited,83.57696
HDFC Asset Management Company Limited,43.18149
Bharat Heavy Electricals Limited,1083.3334
JSW Energy Limited,49.214214
Max Healthcare Institute Limited,74.018425
Bosch Limited,32.8342
NHPC Limited,22.457003
Aurobindo Pharma Limited,27.060905
IDFC First Bank Limited,18.616072
The Indian Hotels Company Limited,63.978004
Alkem Laboratories Limited,40.486614
Yes Bank Limited,68.28571
NMDC Limited,11.264367
Solar Industries India Limited,71.16934
Lupin Limited,51.83904
Muthoot Finance Limited,13.721012
Supreme Industries Limited,48.081146
Bharat Forge Limited,85.80251
Patanjali Foods Limited,64.86369
Persistent Systems Limited,61.68302
Indian Bank,8.566874
Hindustan Petroleum Corporation Limited,3.906407
Procter & Gamble Hygiene and Health Care Limited,75.209175
Godrej Properties Limited,99.078674
L&T Technology Services Limited,46.288883
MRF Limited,35.689312
Tata Elxsi Limited,59.80199
Cummins India Limited,43.458805
General Insurance Corporation of India,9.760519
Indus Towers Limited,10.5644
PI Industries Limited,34.637997
Ashok Leyland Limited,24.00412
AU Small Finance Bank Limited,26.813766
Oberoi Realty Limited,29.397482
Container Corporation of India Limited,45.922234
Fertilizers and Chemicals Travancore Limited,106.56688
Suzlon Energy Limited,150.625
MphasiS Limited,30.694723
Bank of India,11.073876
Astral Limited,89.74822
Steel Authority of India Limited,15.294872
Tata Communications Limited,49.804207
Schaeffler India Limited,52.88687
Balkrishna Industries Limited,37.89269
FSN E-Commerce Ventures Limited,2331.4285
Linde India Limited,118.69561
UCO Bank,33.724136
Prestige Estates Projects Limited,29.03203
United Breweries Limited,188.22026
Jindal Stainless Limited,15.609621
Adani Wilmar Limited,548.2031
Mazagon Dock Shipbuilders Limited,33.985554
Torrent Power Limited,23.247124
UPL Limited,23.035635
JSW Infrastructure Limited,46.231422
Central Bank of India,21.192171
Aditya Birla Capital Limited,7.8259854
Page Industries Limited,80.64767
Dalmia Bharat Limited,38.921314
APL Apollo Tubes Limited,57.706882
3M India Limited,71.18999
ACC Limited,58.147556
KPIT Technologies Limited,76.80856
Gujarat Fluorochemicals Limited,43.847584
Oil India Limited,8.055197
The Phoenix Mills Limited,45.525856
UNO Minda Limited,57.556202
Dixon Technologies (India) Limited,117.370636
Sundaram Finance Limited,25.78674
Bandhan Bank Limited,14.2997465
Coforge Limited,55.14614
The Federal Bank Limited,8.592745
Rail Vikas Nigam Limited,41.967556
Sona BLW Precision Forgings Limited,75.359276
Jubilant Foodworks Limited,140.19553
Coromandel International Limited,18.239904
Thermax Limited,70.92265
Oracle Financial Services Software Limited,26.207645
Kalyan Jewellers India Limited,69.449066
SJVN Limited,48.869736
NLC India Limited,18.9252
AIA Engineering Limited,33.778397
The New India Assurance Company Limited,41.785717
Metro Brands Limited,89.748955
Deepak Nitrite Limited,38.424107
Poonawalla Fincorp Limited,24.642859
Petronet LNG Limited,11.374144
Escorts Kubota Limited,34.3785
Max Financial Services Limited,61.296803
Honeywell Automation India Limited,76.956696
Voltas Limited,124.702736
GlaxoSmithKline Pharmaceuticals Limited,58.249676
Bank of Maharashtra,10.630885
Gujarat Gas Limited,31.877403
CRISIL Limited,49.88694
Gland Pharma Limited,46.721622
Fortis Healthcare Limited,58.80854
Bharat Dynamics Limited,65.666664
Star Health and Allied Insurance Company Limited,43.2765
Vedant Fashions Limited,58.58293
ZF Commercial Vehicle Control Systems India Limited,72.067894
Lloyds Metals And Energy Limited,22.151926
BSE Limited,48.557938
Biocon Limited,64.89183
LIC Housing Finance Limited,8.317702
KEI Industries Limited,51.788
Indraprastha Gas Limited,15.80036
Angel One Limited,27.118118
JK Cement Limited,49.750507
Punjab & Sind Bank,31.358381
Apollo Tyres Limited,20.931007
IPCA Laboratories Limited,57.50516
Syngene International Limited,59.919743
K.P.R. Mill Limited,34.27395
Tata Chemicals Limited,12.543567
Sun TV Network Limited,13.845422
Nippon Life India Asset Management Limited,33.113575
Motherson Sumi Wiring India Limited,59.27966
Endurance Technologies Limited,53.77125
Exide Industries Limited,32.604877
Kansai Nerolac Paints Limited,24.393064
Ajanta Pharma Limited,41.97941
Hindustan Copper Limited,88.057236
Zee Entertainment Enterprises Limited,138.65854
Sundram Fasteners Limited,51.45816
Grindwell Norton Limited,68.28496
Global Health Limited,78.48068
360 ONE WAM LIMITED,31.521185
CREDITACCESS GRAMEEN LIMITED,18.951843
Cyient Limited,32.64013
Hatsun Agro Product Limited,105.13514
Housing & Urban Development Corporation Limited,23.03132
JB Chemicals & Pharmaceuticals Limited,54.683647
IRB Infrastructure Developers Limited,78.43373
Godrej Industries Limited,33.81609
Emami Limited,31.457413
Narayana Hrudayalaya Ltd.,37.64844
Timken India Limited,69.74984
Apar Industries Limited,29.065353
National Aluminium Company Limited,21.18876
The Ramco Cements Limited,63.76292
Ratnamani Metals & Tubes Limited,37.64775
Aarti Industries Limited,52.18167
Devyani International Limited,121.81507
Mangalore Refinery and Petrochemicals Limited,7.1603203
ICICI Securities Limited,18.699316
Laurus Labs Limited,112.17579
IIFL Finance Limited,12.8898115
SKF India Limited,46.830517
Relaxo Footwears Limited,108.17369
Hitachi Energy India Limited,240.49117
Radico Khaitan Limited,94.143265
Tata Investment Corporation Limited,84.69277
Dr. Lal Path Labs Ltd.,68.95448
Five-Star Business Finance Limited,31.454092
Bata India Limited,64.90881
Carborundum Universal Limited,46.56276
Gillette India Limited,54.98832
Atul Limited,51.79967
Sonata Software Limited,44.638065
Kajaria Ceramics Limited,55.12605
Brigade Enterprises Limited,78.130806
Aster DM Healthcare Limited,75.674255
PNB Housing Finance Limited,15.280417
IDFC Limited,30.101522
Sumitomo Chemical India Limited,54.721466
Crompton Greaves Consumer Electricals Limited,45.795456
BIRLASOFT LIMITED,41.755665
Cholamandalam Financial Holdings Limited,14.389393
Pfizer Limited,40.113907
Blue Star Limited,48.14506
Navin Fluorine International Limited,45.217747
Central Depository Services (India) Limited,58.96939
Sanofi India Limited,33.925648
Trident Limited,50.489132
Motilal Oswal Financial Services Limited,14.262618
Suven Pharmaceuticals Limited,38.9351
Affle (India) Limited,61.5408
Vinati Organics Limited,43.359787
CIE Automotive India Limited,22.338448
Cochin Shipyard Limited,55.820576
Castrol India Limited,23.003641
R R Kabel Limited,56.577488
Jyothy Labs Limited,57.16535
CESC Limited,13.179681
Blue Dart Express Limited,52.66435
Whirlpool of India Limited,85.99105
JBM Auto Limited,153.27103
Gujarat State Petronet Limited,13.414318
Elgi Equipments Limited,48.2718
Century Plyboards (India) Limited,46.12149
RBL Bank Limited,13.564885
Kaynes Technology India Limited,136.13692
Clean Science and Technology Limited,56.885338
Finolex Cables Limited,25.915995
Indiamart Intermesh Limited,53.720882
Ircon International Limited,24.31915
DCM Shriram Limited,25.974749
Shyam Metalics and Energy Limited,17.573824
Aptus Value Housing Finance India Limited,34.096275
Capri Global Capital Limited,76.730156
Krishna Institute of Medical Sciences Limited,50.591057
TVS Holdings Limited,22.368301
EIH Limited,47.9912
Chambal Fertilizers & Chemicals Limited,13.278448
Concord Biotech Limited,49.884956
Fine Organic Industries Limited,31.673456
KEC International Limited,63.599613
NMDC Steel Limited,Infinity
Indian Energy Exchange Limited,38.0
Alembic Pharmaceuticals Limited,54.948246
Natco Pharma Limited,13.926626
Tanla Platforms Limited,25.430323
NBCC (India) Limited,76.98369
Lakshmi Machine Works Limited,35.32542
Manappuram Finance Limited,8.242507
Welspun Corp Limited,19.055016
Chalet Hotels Limited,67.061676
Poly Medicure Limited,60.83847
TITAGARH RAIL SYSTEMS LIMITED,62.589188
Asahi India Glass Limited,38.881775
The Great Eastern Shipping Company Limited,5.6068344
Zensar Technologies Limited,21.173391
Redington Limited,11.347607
AstraZeneca Pharma India Limited,106.747986
Nuvoco Vistas Corporation Limited,51.29683
Bikaji Foods International Limited,84.42197
Century Textiles & Industries Limited,143.67773
Happiest Minds Technologies Limited,54.489285
Himadri Speciality Chemical Limited,43.395786
Karur Vysya Bank Limited,10.71853
Aditya Birla Sun Life AMC Limited,19.198286
Swan Energy Limited,46.806057
Sheela Foam Limited,57.288303
Triveni Turbine Limited,51.053352
BASF India Limited,37.133625
Jindal Saw Limited,10.690302
BLS International Services Limited,91.20044
Jupiter Wagons Limited,68.024055
Ramkrishna Forgings Limited,40.18006
Finolex Industries Limited,28.660597
Computer Age Management Services Limited,45.816895
Alkyl Amines Chemicals Limited,70.39917
Gujarat Mineral Development Corporation Limited,14.236569
Firstsource Solutions Limited,25.634518
WESTLIFE FOODWORLD LIMITED,120.23188
eClerx Services Limited,27.009388
V-Guard Industries Limited,60.55668
Maharashtra Seamless Limited,13.062411
Eris Lifesciences Limited,32.025787
Aegis Logistics Limited,43.647587
Jai Balaji Industries Limited,31.978983
Aavas Financiers Limited,25.605751
Rainbow Childrens Medicare Limited,54.98846
HBL Power Systems Limited,82.17829
RITES Limited,35.170086
Ksb Limited,60.082226
HFCL Limited,57.793297
Syrma SGS Technology Limited,84.854866
Equitas Small Finance Bank Limited,15.161055
Akzo Nobel India Limited,30.140402
Mahanagar Gas Limited,11.179436
BEML Limited,78.66033
Aether Industries Limited,79.673416
Gujarat Narmada Valley Fertilizers and Chemicals Limited,12.261945
Kalpataru Projects International Limited,26.355877
Raymond Limited,7.791971
Intellect Design Arena Limited,36.43538
Craftsman Automation Limited,28.561287
Bajaj Electricals Limited,65.52401
Anupam Rasayan India Limited,46.4928
Vardhman Textiles Limited,20.59277
Ujjivan Small Finance Bank Limited,8.848
Birla Corporation Limited,81.194176
G R Infraprojects Limited,9.602104
Olectra Greentech Limited,157.47949
City Union Bank Limited,11.36256
UTI Asset Management Company Limited,17.154516
Godfrey Phillips India Limited,15.569006
Newgen Software Technologies Limited,61.20482
Railtel Corporation Of India Limited,55.183968
Anand Rathi Wealth Limited,63.691044
Rajesh Exports Limited,9.247673
Graphite India Limited,12.833333
Godrej Agrovet Limited,30.421589
Zydus Wellness Limited,36.1435
Godawari Power And Ispat limited,11.972774
Indiabulls Housing Finance Limited,8.6369705
JK Lakshmi Cement Limited,30.56706
Amber Enterprises India Limited,97.76025
RattanIndia Enterprises Limited,80.93457
Supreme Petrochem Limited,30.40724
C.E. Info Systems Limited,81.26882
NCC Limited,21.745037
Data Patterns (India) Limited,70.506355
Elecon Engineering Company Limited,37.52543
Chennai Petroleum Corporation Limited,4.2139697
Can Fin Homes Limited,14.967991
Caplin Point Laboratories Limited,25.57717
TTK Prestige Limited,47.507713
Praj Industries Limited,33.590263
Cera Sanitaryware Limited,46.34788
ROUTE MOBILE LIMITED,25.816576
Garden Reach Shipbuilders & Engineers Limited,38.162586
EID Parry India Limited,11.801543
Action Construction Equipment Limited,48.898136
Galaxy Surfactants Limited,27.541391
Ingersoll Rand (India) Limited,46.825794
Granules India Limited,25.288345
CEAT Limited,15.845394
JK Tyre & Industries Limited,23.429789
Schneider Electric Infrastructure Limited,68.03314
Engineers India Limited,28.135391
Gujarat State Fertilizers & Chemicals Limited,10.8943405
Anant Raj Limited,49.48899
Jaiprakash Power Ventures Limited,50.416664
SBFC Finance Limited,46.145832
Kirloskar Oil Engines Limited,27.727272
Lemon Tree Hotels Limited,84.63415
PCBL LIMITED,24.917648
JM Financial Limited,17.429245
Latent View Analytics Limited,64.19445
Sobha Limited,126.73163
Safari Industries (India) Limited,59.857693
Prism Johnson Limited,55.716614
Minda Corporation Limited,34.87102
Esab India Limited,53.957344
Sapphire Foods India Limited,44.568783
Usha Martin Limited,27.482864
PNC Infratech Limited,18.372335
MMTC Limited,68.75
Medplus Health Services Limited,144.6875
Sarda Energy & Minerals Limited,15.284375
Rashtriya Chemicals and Fertilizers Limited,18.324553
TV18 Broadcast Limited,266.30435
Balaji Amines Limited,39.190872
Mastek Limited,31.37324
Techno Electric & Engineering Company Limited,62.472397
Metropolis Healthcare Limited,62.83706
KRBL Limited,12.654169
Deepak Fertilizers and Petrochemicals Corporation Limited,10.918079
Rategain Travel Technologies Limited,85.25188
CCL Products (India) Limited,31.798767
Campus Activewear Limited,79.51327
VIP Industries Limited,101.35058
Maharashtra Scooters Limited,43.34763
Varroc Engineering Limited,53.633457
Surya Roshni Limited,23.187063
Mahindra Lifespace Developers Limited,836.7911
Gujarat Ambuja Exports Limited,29.924866
Balrampur Chini Mills Limited,14.614806
ION Exchange (India) Limited,30.254337
Kfin Technologies Limited,47.04494
Home First Finance Company India Limited,31.319202
Procter & Gamble Health Limited,37.042263
Prince Pipes And Fittings Limited,37.56822
Responsive Industries Limited,72.54831
PTC Industries Limited,313.18164
The Karnataka Bank Limited,5.8859587
Jubilant Ingrevia Limited,33.215385
Glenmark Life Sciences Limited,20.200424
Man Infraconstruction Limited,27.73629
Spandana Sphoorty Financial Limited,14.916717
Archean Chemical Industries Limited,19.600748
Laxmi Organic Industries Limited,71.77419
Tamilnad Mercantile Bank Limited,7.386195
Chemplast Sanmar Limited,216.41891
Allcargo Logistics Limited,22.261236
Electronics Mart India Limited,54.121284
Sandur Manganese & Iron Ores Limited,29.486147
Mishra Dhatu Nigam Limited,69.71351
Quess Corp Limited,32.145123
Tega Industries Limited,39.23275
Mahindra Holidays & Resorts India Limited,123.221886
Shoppers Stop Limited,120.94661
Shipping Corporation Of India Limited,12.161664
Gravita India Limited,25.779522
Triveni Engineering & Industries Limited,17.706253
Gujarat Pipavav Port Limited,25.551624
HEG Limited,15.678188
Edelweiss Financial Services Limited,16.226192
Marksans Pharma Limited,22.466766
Keystone Realtors Limited,48.664337
Vesuvius India Limited,39.568604
Star Cement Limited,26.576319
PDS Limited,37.034206
CSB Bank Limited,11.745068
GMM Pfaudler Limited,38.248096
Isgec Heavy Engineering Limited,29.373585
KNR Constructions Limited,14.429618
Easy Trip Planners Limited,55.714287
Saregama India Limited,36.22574
Jupiter Life Line Hospitals Limited,67.59048
Indigo Paints Limited,51.563293
Kirloskar Brothers Limited,24.046371
Religare Enterprises Limited,2.2370775
Vijaya Diagnostic Centre Limited,65.21782
JK Paper Limited,5.968212
Ujjivan Financial Services Limited,8.055309
Rolex Rings Limited,32.878727
Garware Technical Fibres Limited,35.633564
Arvind Limited,24.311163
Just Dial Limited,20.880013
Greenlam Industries Limited,45.97613
VRL Logistics Limited,42.73487
Mtar Technologies Limited,60.36894
Neuland Laboratories Limited,30.041626
Power Mech Projects Limited,33.999607
Go Fashion (India) Limited,69.22201
Zen Technologies Limited,64.71712
Netweb Technologies India Limited,140.70576
SIS LIMITED,19.922512
Voltamp Transformers Limited,27.74073
Electrosteel Castings Limited,25.050001
Mrs. Bectors Food Specialities Limited,55.794456
Vaibhav Global Limited,63.81169
Texmaco Rail & Engineering Limited,102.27699
R Systems International Limited,44.351048
Redtape Limited,Infinity
FDC Limited,27.402641
EPL Limited,25.018986
Shriram Pistons & Rings Limited,19.698404
Transport Corporation of India Limited,22.4844
Thomas Cook (India) Limited,65.22807
NAVA LIMITED,7.8721004
Hindustan Foods Limited,71.75462
MOIL Limited,26.493557
Nesco Limited,18.999557
PG Electroplast Limited,44.7817
Symphony Limited,56.12007
Indo Count Industries Limited,15.645724
Share India Securities Limited,16.377583
Jindal Worldwide Limited,81.61243
CMS Info Systems Limited,18.122908
Genus Power Infrastructures Limited,78.22536
Infibeam Avenues Limited,71.320755
Utkarsh Small Finance Bank Limited,13.313952
Technocraft Industries (India) Limited,19.15362
Fusion Micro Finance Limited,12.394749
BOROSIL RENEWABLES LIMITED,252.96747
Astra Microwave Products Limited,82.57221
Avanti Feeds Limited,22.010538
JSW Holdings Limited,50.987217
Gujarat Alkalies and Chemicals Limited,71.00979
Sterlite Technologies Limited,52.33456
Nazara Technologies Limited,135.64844
Gabriel India Limited,36.66032
Suprajit Engineering Limited,37.004715
PTC India Limited,13.70729
Dilip Buildcon Limited,45.30647
The South Indian Bank Limited,7.0168858
GHCL Limited,5.184776
Paradeep Phosphates Limited,38.95
H.G. Infra Engineering Limited,11.150554
ICRA Limited,36.926994
Ramky Infrastructure Limited,5.5486574
Sansera Engineering Limited,34.972725
Arvind Fashions Limited,275.53192
Senco Gold Limited,36.401585
Aurionpro Solutions Limited,45.72111
Teamlease Services Limited,46.113533
Cyient DLM Limited,106.22274
AGI Greenpac Limited,18.822891
KPI Green Energy Limited,53.54374
HeidelbergCement India Limited,40.378525
TCI Express Limited,38.523518
VST Industries Limited,19.984957
Greenpanel Industries Limited,25.723291
Dodla Dairy Limited,41.792175
Ahluwalia Contracts (India) Limited,26.675734
Rain Industries Limited,21.687422
Gateway Distriparks Limited,21.72447
Orient Cement Limited,37.568806
Ethos Limited,85.22388
Healthcare Global Enterprises Limited,137.70833
Gokaldas Exports Limited,40.319294
Prudent Corporate Advisory Services Limited,42.3011
ITD Cementation India Limited,30.143131
Black Box Limited,53.62669
Rallis India Limited,50.614033
Orient Electric Limited,48.68009
Dhanuka Agritech Limited,22.50558
West Coast Paper Mills Limited,5.0968676
Wonderla Holidays Limited,28.46546
D.B.Corp Limited,16.222166
MAS Financial Services Limited,22.70202
LLOYDS ENGINEERING WORKS LIMITED,102.71739
Kewal Kiran Clothing Limited,31.878637
Mstc Limited,31.67585
The Tinplate Company of India Limited,48.37079
Patel Engineering Limited,29.67249
Tilaknagar Industries Limited,22.025665
Pricol Limited,38.88889
Shanthi Gears Limited,55.44995
Hinduja Global Solutions Limited,39.134964
Privi Speciality Chemicals Limited,95.648285
Choice International Limited,45.065895
Aarti Pharmalabs Limited,24.78708
Banco Products (I) Limited,17.559748
NOCIL Limited,41.117107
Jayaswal Neco Industries Limited,21.295454
Welspun Enterprises Limited,7.346305
Aarti Drugs Limited,26.972874
IIFL Securities Limited,12.269401
National Fertilizers Limited,54.103138
Jamna Auto Industries Limited,24.651163
Puravankara Limited,80.75235
Rossari Biotech Limited,34.892067
TIPS Industries Limited,45.93985
J.Kumar Infraprojects Limited,15.977772
Gallantt Ispat Limited,25.694275
Datamatics Global Services Limited,19.042137
Sai Silks (Kalamandir) Limited,39.365612
Sula Vineyards Limited,60.533707
HMA Agro Industries Limited,26.775362
Advanced Enzyme Technologies Limited,33.838566
India Pesticides Limited,45.21839
Sindhu Trade Links Limited,71.447365
DCB Bank Limited,8.277006
Paisalo Digital Limited,40.564785
Ami Organics Limited,79.51432
La Opala RG Limited,32.612206
Thangamayil Jewellery Limited,34.1824
Sharda Cropchem Limited,40.574535
Steel Strips Wheels Limited,20.9522
TD Power Systems Limited,40.80272
JTL INDUSTRIES LIMITED,50.803402
Epigral Limited,22.173683
Time Technoplast Limited,15.678733
TARC Limited,408.20514
Fineotex Chemical Limited,34.76241
Rajratan Global Wire Limited,47.281075
LG Balakrishnan & Bros Limited,15.72143
Nucleus Software Exports Limited,20.83049
Lux Industries Limited,35.86519
Ashoka Buildcon Limited,14.23749
Delta Corp Limited,16.488596
Brightcom Group Limited,2.8459344
Neogen Chemicals Limited,76.751205
VA Tech Wabag Limited,91.031
Sharda Motor Industries Limited,16.795465
Jtekt India Limited,46.637424
India Tourism Development Corporation Limited,88.88695
Borosil Limited,52.20238
Ashapura Minechem Limited,16.50217
IFB Industries Limited,181.56558
Sudarshan Chemical Industries Limited,11.428572
Sunflag Iron And Steel Company Limited,25.587269
Hathway Cable & Datacom Limited,82.413795
Hikal Limited,44.773754
Tatva Chintan Pharma Chem Limited,79.45672
Balmer Lawrie & Company Limited,23.731976
Bharat Rasayan Limited,48.66554
Kolte - Patil Developers Limited,53.079304
HLE Glascoat Limited,63.6742
Hindware Home Innovation Limited,53.849712
Indoco Remedies Limited,33.511795
Avalon Technologies Limited,57.27372
Orchid Pharma Limited,33.592274
Harsha Engineers International Limited,33.216667
KDDL Limited,38.32985
Sanghvi Movers Limited,23.231245
Subros Limited,50.266563
Pilani Investment and Industries Corporation Limited,18.829424
Gulf Oil Lubricants India Limited,14.910317
eMudhra Limited,55.300484
Ideaforge Technology Limited,452.9618
Kirloskar Industries Limited,15.969408
Ganesh Housing Corporation Limited,14.937608
Dynamatic Technologies Limited,54.473953
Maithan Alloys Limited,10.879105
TVS Srichakra Limited,32.86362
Landmark Cars Limited,40.938908
Kaveri Seed Company Limited,12.557568
Navneet Education Limited,17.543253
Tasty Bite Eatables Limited,82.573524
Thyrocare Technologies Limited,54.321583
Saksoft Limited,35.465515
Tata Metaliks Limited,29.384018
Cartrade Tech Limited,70.77865
Dalmia Bharat Sugar and Industries Limited,10.576821
Nilkamal Limited,22.753817
Sagar Cements Limited,75.26913
DCX Systems Limited,37.775936
Polyplex Corporation Limited,44.856575
Transformers And Rectifiers (India) Limited,341.48514
Shalby Limited,43.395836
V.S.T Tillers Tractors Limited,21.29992
Garware Hi-Tech Films Limited,23.468006
NRB Bearing Limited,34.186047
Sundaram Finance Holdings Limited,12.686517
Automotive Axles Limited,16.372099
Yatharth Hospital & Trauma Care Services Limited,38.43907
Bannari Amman Sugars Limited,19.58828
Gufic Biosciences Limited,40.48881
Shivalik Bimetal Controls Limited,42.357807
Bajaj Consumer Care Limited,20.239191
Inox Green Energy Services Limited,691.5789
Somany Ceramics Limited,39.70292
Mold-Tek Packaging Limited,39.59648
Divgi Torqtransfer Systems Limited,62.17377
Prakash Industries Limited,13.769035
Sandhar Technologies Limited,30.493187
Greenply Industries Limited,49.215294
Swaraj Engines Limited,20.903831
Wendt (India) Limited,64.28061
Stylam Industries Limited,24.999998
Cigniti Technologies Limited,14.945588
MPS Limited,21.180353
IFGL Refractories Limited,25.963318
Kingfa Science & Technology (India) Limited,22.404364
Dreamfolks Services Limited,40.25164
Imagicaaworld Entertainment Limited,25.819113
Mukand Limited,13.389336
Venus Pipes & Tubes Limited,46.668804
CARE Ratings Limited,35.523705
Pearl Global Industries Limited,14.546456
Heritage Foods Limited,41.42578
Bombay Super Hybrid Seeds Limited,127.487434
Tarsons Products Limited,42.718994
Paras Defence and Space Technologies Limited,86.47186
Fiem Industries Limited,20.967386
PSP Projects Limited,17.330063
ISMT Limited,19.473198
Venky's (India) Limited,29.302273
Bharat Bijlee Limited,27.222996
Parag Milk Foods Limited,31.848484
Den Networks Limited,10.5762415
Zaggle Prepaid Ocean Services Limited,151.8421
IOL Chemicals and Pharmaceuticals Limited,15.064758
Ashiana Housing Limited,53.875217
PTC India Financial Services Limited,22.547527
The Anup Engineering Limited,39.868668
Indian Metals & Ferro Alloys Limited,12.760416
Apollo Pipes Limited,57.75789
Vishnu Prakash R Punglia Limited,26.853233
Goodluck India Limited,26.348951
Optiemus Infracom Limited,58.034683
Seamec Limited,623.5792
Satin Creditcare Network Limited,11.97063
Apcotex Industries Limited,40.625
Gujarat Industries Power Company Limited,18.09232
Lumax Auto Technologies Limited,29.568453
Dollar Industries Limited,54.88081
Uniparts India Limited,15.113097
Vindhya Telelinks Limited,12.602854
Madhya Bharat Agro Products Limited,27.716047
GOCL Corporation Limited,34.55922
Prataap Snacks Limited,55.144047
Confidence Petroleum India Limited,21.78205
Styrenix Performance Materials Limited,16.88439
Supriya Lifescience Limited,24.400642
Eveready Industries India Limited,62.14536
Globus Spirits Limited,20.31982
Bhansali Engineering Polymers Limited,17.037338
Ugro Capital Limited,21.901352
Morepen Laboratories Limited,51.45631
Mayur Uniquoters Ltd,21.715343
Tide Water Oil Company (India) Limited,22.521126
IKIO Lighting Limited,16.460703
Repco Home Finance Limited,7.625421
AXISCADES Technologies Limited,146.30756
Foseco India Limited,34.401943
Artemis Medicare Services Limited,81.06987
Savita Oil Technologies Limited,17.33402
ANDHRA PAPER LIMITED,4.5139904
Siyaram Silk Mills Limited,12.033955
Honda India Power Products Limited,29.000238
Hindustan Oil Exploration Company Limited,9.590078
India Glycols Limited,15.648229
Precision Camshafts Limited,53.913048
EMS Limited,22.393091
Skipper Limited,44.848484
MM Forgings Limited,16.94895
Vishnu Chemicals Limited,16.440414
Alembic Limited,10.998878
Lumax Industries Limited,22.208658
Krsnaa Diagnostics Limited,40.271706
Camlin Fine Sciences Limited,66.510414
Manorama Industries Limited,63.384518
Pitti Engineering Limited,28.278866
Thirumalai Chemicals Limited,Infinity
Updater Services Limited,61.54844
Sirca Paints India Limited,43.322
Seshasayee Paper and Boards Limited,6.198692
BF Utilities Limited,17.965378
Rishabh Instruments Limited,38.003117
RPG Life Sciences Limited,34.580658
CARYSIL LIMITED,45.863686
Som Distilleries & Breweries Limited,21.103395
ADF Foods Limited,34.67005
Oriental Hotels Limited,42.74476
Filatex India Limited,44.357143
63 moons technologies limited,16.16449
Fino Payments Bank Limited,33.919205
Everest Industries Limited,68.73333
Huhtamaki India Limited,24.328245
Precision Wires India Limited,45.85075
GTPL Hathway Limited,26.335615
Xpro India Limited,71.84416
Ganesha Ecosphere Limited,55.87443
Orient Green Power Company Limited,30.795456
Jindal Drilling And Industries Limited,31.070234
Rupa & Company Limited,45.332253
Sangam (India) Limited,42.103683
Arman Financial Services Limited,15.273644
Agro Tech Foods Limited,147.44328
HIL Limited,37.135292
Kalyani Steels Limited,11.802636
Accelya Solutions India Limited,20.764671
Sasken Technologies Limited,28.784702
Bharat Wire Ropes Limited,26.110283
Shriram Properties Limited,28.832952
IndoStar Capital Finance Limited,16.676802
Salasar Techno Engineering Limited,100.0
Vidhi Specialty Food Ingredients Limited,61.131653
Tamil Nadu Newsprint & Papers Limited,5.737185
Paramount Communications Limited,34.612797
Kiri Industries Limited,228.1921
TCPL Packaging Limited,19.090666
Ador Welding Limited,32.216267
Mangalam Cement Limited,43.70968
Jagran Prakashan Limited,12.308168
Reliance Industrial Infrastructure Limited,99.69914
Expleo Solutions Limited,17.156755
BF Investment Limited,6.718789
S H Kelkar and Company Limited,31.19137
Panama Petrochem Limited,11.293695
Vakrangee Limited,1525.0
Federal-Mogul Goetze (India) Limited.,17.308414
Aeroflex Industries Limited,55.47369
TTK Healthcare Limited,32.442604
Insecticides (India) Limited,29.587482
Thejo Engineering Limited,53.060722
KCP Limited,28.928574
Meghmani Organics Limited,174.2
Cantabil Retail India Limited,33.03205
Themis Medicare Limited,41.714542
Marathon Nextgen Realty Limited,11.333333
Arvind SmartSpaces Limited,83.13272
Quick Heal Technologies Limited,651.7763
S.J.S. Enterprises Limited,27.452187
SML Isuzu Limited,27.888464
GNA Axles Limited,414.18805
DPSC Limited,230.0
Ramco Industries Limited,21.386927
Jash Engineering Limited,39.102367
Shakti Pumps (India) Limited,131.64561
Geojit Financial Services Limited,17.836958
Butterfly Gandhimathi Appliances Limited,41.19328
Yasho Industries Limited,35.580967
Talbros Automotive Components Limited,29.017002
Capacit'e Infraprojects Limited,21.878132
Rane Holdings Limited,23.029528
Gokul Agro Resources Limited,13.593406
Goldiam International Limited,22.401022
Vadilal Industries Limited,17.70429
Nitin Spinners Limited,15.101031
NELCO Limited,78.40551
Madras Fertilizers Limited,27.07434
Vardhman Special Steels Limited,21.98347
HLV LIMITED,124.444435
Rama Steel Tubes Limited,294.33334
Rossell India Limited,163.37369
Pix Transmissions Limited,25.5311
5Paisa Capital Limited,29.560251
PNB Gilts Limited,147.92683
Centum Electronics Limited,121.2762
Amrutanjan Health Care Limited,44.843872
Hariom Pipe Industries Limited,29.11251
Man Industries (India) Limited,19.434685
Bcl Industries Limited,21.873156
Premier Explosives Limited,60.459846
Wheels India Limited,30.290943
New Delhi Television Limited,154.20454
Dhampur Sugar Mills Limited,10.958702
Pennar Industries Limited,23.086233
DCW Limited,20.552147
Dredging Corporation of India Limited,64.53023
Nalwa Sons Investments Limited,36.27765
Spacenet Enterprises India Limited,263.07693
Suryoday Small Finance Bank Limited,11.411764
Universal Cables Limited,17.147512
Himatsingka Seide Limited,20.084951
Fairchem Organics Limited,30.540476
Deep Industries Limited,10.190669
Dwarikesh Sugar Industries Limited,14.695652
Igarashi Motors India Limited,147.05333
Shankara Building Products Limited,24.749115
Servotech Power Systems Limited,190.2
Punjab Chemicals & Crop Protection Limited,17.800001
Control Print Limited,27.984888
COSMO FIRST LIMITED,14.5767145
HPL Electric & Power Limited,54.35688
Bhagiradha Chemicals & Industries Limited,68.1184
Abans Holdings Limited,18.749264
Heranba Industries Limited,21.543455
Atul Auto Limited,238.38911
GVK Power & Infrastructure Limited,0.70075756
Indraprastha Medical Corporation Limited,16.372032
Sigachi Industries Limited,60.583942
Hi-Tech Pipes Limited,50.757042
Southern Petrochemicals Industries Corporation Limited,8.299256
Ajmera Realty & Infra India Limited,29.60648
Manoj Vaibhav Gems N Jewellers Limited,20.948158
Vascon Engineers Limited,19.054054
Genesys International Corporation Limited,359.54858
Uttam Sugar Mills Limited,9.905055
NIIT Limited,90.2518
Shaily Engineering Plastics Limited,46.304344
Navkar Corporation Limited,339.84848
S. P. Apparels Limited,19.827753
Aptech Limited,22.616901
The Andhra Sugars Limited,13.499393
Kuantum Papers Limited,6.7481985
Krishana Phoschem Limited,34.579643
Kitex Garments Limited,76.10033
Cupid Limited,96.890854
Pokarna Limited,22.801453
Kabra Extrusion Technik Limited,41.033794
Stove Kraft Limited,54.346203
D. P. Abhushan Limited,30.267143
Monarch Networth Capital Limited,21.535818
OM INFRA LIMITED,23.333334
Monte Carlo Fashions Limited,13.467091
Kokuyo Camlin Limited,37.680798
Peninsula Land Limited,13.500001
Mangalore Chemicals & Fertilizers Limited,6.521344
IG Petrochemicals Limited,13.997466
B. L. Kashyap and Sons Limited,63.432205
Kalyani Investment Company Limited,26.996437
Taj GVK Hotels & Resorts Limited,29.53413
Everest Kanto Cylinder Limited,23.15526
Hardwyn India Limited,85.68628
Syncom Formulations (India) Limited,52.666664
EIH Associated Hotels Limited,32.5534
Onward Technologies Limited,37.15894
Ksolves India Limited,45.825638
Alicon Castalloy Limited,32.527042
AVT Natural Products Limited,29.630226
Satia Industries Limited,5.67023
Valiant Organics Limited,19.989792
Summit Securities Limited,26.746494
Agarwal Industrial Corporation Limited,17.445192
NGL Fine-Chem Limited,33.886383
Shree Digvijay Cement Co.Ltd,21.179672
Antony Waste Handling Cell Limited,23.142317
Nelcast Limited,40.413437
Manali Petrochemicals Limited,75.92233
Heubach Colorants India Limited,27.012953
Oriental Aromatics Limited,1098.9706
Avadh Sugar & Energy Limited,8.341004
Texmaco Infrastructure & Holdings Limited,570.5
Rane (Madras) Limited,32.778763
Refex Industries Limited,12.545521
Roto Pumps Limited,34.604652
Gulshan Polyols Limited,40.076923
Marine Electricals (India) Limited,71.838715
Ram Ratna Wires Limited,26.811846
Bliss GVS Pharma Limited,13.463855
Matrimony.Com Limited,24.697445
GM Breweries Limited,11.831321
Sterling Tools Limited,28.091602
Indian Hume Pipe Company Limited,25.608742
TV Today Network Limited,30.054544
Repro India Limited,83.73399
India Motor Parts and Accessories Limited,17.672596
Steelcast Limited,17.962238
Hester Biosciences Limited,47.65761
Jyoti Structures Limited,148.25
Lincoln Pharmaceuticals Limited,16.034952
India Nippon Electricals Limited,28.734991
Xchanging Solutions Limited,54.92683
Rico Auto Industries Limited,29.494047
Focus Lighting and Fixtures Limited,55.706215
Kopran Limited,40.367535
Bigbloc Construction Limited,45.025444
GIC Housing Finance Limited,8.359796
Jay Bharat Maruti Limited,40.82353
D-Link (India) Limited,12.580024
Tourism Finance Corporation of India Limited,20.55904
Excel Industries Limited,39.56973
OnMobile Global Limited,57.838543
GRM Overseas Limited,21.498905
Tracxn Technologies Limited,30.50305
Hercules Hoists Limited,12.954139
Transindia Real Estate Limited,19.873188
Arihant Superstructures Limited,40.991337
Dhunseri Ventures Limited,6.7025046
Uniphos Enterprises Limited,27.713524
Likhitha Infrastructure Limited,16.543793
Ganesh Benzoplast Limited,21.330778
Sky Gold Limited,76.25163
Sportking India Limited,13.46529
Faze Three Limited,19.849977
Chemcon Speciality Chemicals Limited,29.815018
GFL Limited,0.4484434
InfoBeans Technologies Limited,57.137978
Creative Newtech Limited,39.324005
SMC Global Securities Limited,8.467869
Snowman Logistics Limited,78.46154
Consolidated Finvest & Holdings Limited,2.6648934
NINtec Systems Limited,106.260155
M K Proteins Limited,57.66667
Suratwwala Business Group Limited,38.959217
Bodal Chemicals Limited,128.97058
Rushil Decor Limited,22.618595
V2 Retail Limited,550.2381
Bajaj Healthcare Limited,45.967518
CSL Finance Limited,19.801365
Panacea Biotec Limited,101.552795
RSWM Limited,123.66848
Jagsonpal Pharmaceuticals Limited,34.50417
SKM Egg Products Export (India) Limited,8.158699
Dhampur Bio Organics Limited,10.581307
NCL Industries Limited,15.177102
SMS Pharmaceuticals Limited,36.43695
Vardhman Holdings Limited,6.016913
Ndr Auto Components Limited,25.399582
Linc Limited,24.011559
Allsec Technologies Limited,21.207705
One Point One Solutions Limited,83.78378
Renaissance Global Limited,14.895151
Kamdhenu Limited,34.70359
Ambika Cotton Mills Limited,12.68166
Ice Make Refrigeration Limited,43.726166
Sree Rayalaseema Hi-Strength Hypo Limited,7.3372006
Magadh Sugar & Energy Limited,10.015293
GPT Infraprojects Limited,25.097528
S Chand And Company Limited,21.723707
Dynamic Cables Limited,31.069767
E2E Networks Limited,69.21141
Radiant Cash Management Services Limited,18.56701
Prakash Pipes Limited,14.987125
Century Enka Limited,26.17908
Gandhi Special Tubes Limited,19.889797
MSP Steel & Power Limited,65.102036
Yuken India Limited,95.88072
Hind Rectifiers Limited,165.10324
Eimco Elecon (India) Limited,25.173958
The Ugar Sugar Works Limited,13.078817
HP Adhesives Limited,67.03297
Sreeleathers Limited,30.6
Orient Paper & Industries Limited,11.237425
Speciality Restaurants Limited,15.132275
Jubilant Industries Limited,20.046022
TruCap Finance Limited,294.4231
Tamilnadu PetroProducts Limited,12.9389305
Vimta Labs Limited,24.98633
D P Wires Limited,18.175016
Windlas Biotech Limited,21.80217
Dharmaj Crop Guard Limited,21.139767
Indo Amines Limited,23.798077
Silver Touch Technologies Limited,78.44482
GKW Limited,72.92783
Associated Alcohols & Breweries Ltd.,18.68811
Munjal Auto Industries Limited,38.603775
Entertainment Network (India) Limited,94.26923
BEML Land Assets Limited,Infinity
Royal Orchid Hotels Limited,22.289309
Cheviot Company Limited,13.863723
Walchandnagar Industries Limited,23.149273
Manaksia Limited,7.632336
The Hi-Tech Gears Limited,9.013822
PAKKA LIMITED,26.666668
Birla Cable Limited,22.10672
Kothari Petrochemicals Limited,14.758221
Sakar Healthcare Limited,57.794518
Tribhovandas Bhimji Zaveri Limited,16.852793
The Sandesh Limited,9.421455
Hexa Tradex Limited,15.511534
Brand Concepts Limited,80.97209
Vinyl Chemicals (India) Limited,36.661
Oriental Carbon & Chemicals Limited,17.77845
DMCC SPECIALITY CHEMICALS LIMITED,87.69972
The State Trading Corporation of India Limited,27.009203
Crest Ventures Limited,20.997625
De Nora India Limited,33.69671
Swelect Energy Systems Limited,48.93084
Deccan Cements Limited,21.091345
Dynacons Systems & Solutions Limited,18.855354
Mold-Tek Technologies Limited,23.010248
The Ruby Mills Limited,23.119658
Dhanlaxmi Bank Limited,12.25
Urja Global Limited,1261.6666
Maan Aluminium Limited,16.303843
Menon Bearings Limited,26.245352
Sukhjit Starch & Chemicals Limited,16.984447
Plastiblends India Limited,24.264
Medicamen Biotech Limited,51.83301
Global Surfaces Limited,81.78962
Allied Digital Services Limited,20.27618
Valiant Laboratories Limited,38.35249
Balaji Telefilms Limited,33.731884
Jayant Agro Organics Limited,17.572002
Selan Exploration Technology Limited,29.029396
MIC Electronics Limited,73.65385
Kirloskar Electric Company Limited,45.21672
Elin Electronics Limited,29.719711
Indo Borax & Chemicals Limited,14.033731
Arihant Capital Markets Limited,22.338234
Dhunseri Investments Limited,6.5772996
SEMAC CONSULTANTS LIMITED,261.599
Emami Paper Mills Limited,7.711087
Bhageria Industries Limited,41.47355
Eldeco Housing And Industries Limited,20.016224
VLS Finance Limited,4.758639
Shree Pushkar Chemicals & Fertilisers Limited,18.56221
Pyramid Technoplast Limited,21.331394
Chembond Chemicals Ltd,16.445953
Indo Tech Transformers Limited,29.937046
Apex Frozen Foods Limited,53.99602
Medico Remedies Limited,89.838715
Mallcom (India) Limited,17.178713
N R Agarwal Industries Limited,6.7716537
Salzer Electronics Limited,22.097229
Axita Cotton Limited,40.298508
Oswal Greentech Limited,58.013695
Hindustan Media Ventures Limited,64.18301
Hindustan Composites Limited,18.63425
Kamat Hotels (I) Limited,2.606116
Automotive Stampings and Assemblies Limited,63.824757
TVS Electronics Limited,149.93562
Arrow Greentech Limited,22.296913
Essar Shipping Limited,0.381847
Iris Clothings Limited,70.916664
Rane Brake Lining Limited,18.86129
Ritco Logistics Limited,22.155478
Vertoz Advertising Limited,57.82889
Lokesh Machines Limited,59.653713
Jindal Poly Investment and Finance Company Limited,2.450608
GRP Limited,51.091908
Khadim India Limited,55.06429
Mirza International Limited,59.132652
Hubtown Limited,52.500004
SBC Exports Limited,84.24242
20 Microns Limited,12.3
Muthoot Capital Services Limited,3.9591591
Race Eco Chain Limited,211.56976
Shreyas Shipping & Logistics Limited,22.30972
Ind-Swift Laboratories Limited,12.256587
Global Education Limited,18.405928
ORIENT CERATECH LIMITED,37.71812
Jindal Photo Limited,3.5259926
The Investment Trust Of India Limited,38.21678
Macpower CNC Machines Limited,64.15646
Kilitch Drugs (India) Limited,49.662163
Stel Holdings Limited,42.120567
Mindteck (India) Limited,24.652128
Orient Bell Limited,60.94463
Music Broadcast Limited,219.44444
Indo-National Limited,10820.0
Osia Hyper Retail Limited,77.44565
ZUARI INDUSTRIES LIMITED,50.418896
Aditya Birla Money Limited,15.50902
Pondy Oxides & Chemicals Limited,14.545625
Munjal Showa Limited,20.031055
International Conveyors Limited,12.177723
Aarti Surfactants Limited,27.200312
B&B Triplewall Containers Limited,25.625
Cybertech Systems And Software Limited,25.202156
Zim Laboratories Limited,28.726542
Ratnaveer Precision Engineering Limited,27.775629
Prime Securities Limited,28.506495
Bedmutha Industries Limited,56.623135
Albert David Limited,13.722714
Kriti Industries (India) Limited,19.896496
Nahar Poly Films Limited,37.93461
Windsor Machines Limited,77.4074
United Drilling Tools Limited,51.21185
Nahar Industrial Enterprises Limited,50.236362
CL Educate Limited,33.107254
PTL Enterprises Limited,30.687498
Wonder Electricals Limited,60.780075
Venus Remedies Limited,20.616476
Diamines & Chemicals Limited,16.811182
W S Industries (I) Limited,28.472223
Gokul Refoils and Solvent Limited,76.73077
Sarveshwar Foods Limited,61.666668
MMP Industries Limited,32.64881
Radhika Jeweltech Limited,18.460365
Oricon Enterprises Limited,64.45205
Chemfab Alkalis Limited,13.435873
Mazda Limited,19.3565
Goa Carbon Limited,8.147753
Prozone Realty Limited,26.448275
Bartronics India Limited,1.2253522
Exxaro Tiles Limited,101.37931
Donear Industries Limited,17.995089
Dolphin Offshore Enterprises (India) Limited,4.330855
Nahar Capital and Financial Services Limited,23.811882
Autoline Industries Limited,165.82278
Pavna Industries Limited,44.103195
Banswara Syntex Limited,6.915743
Megasoft Limited,61.11111
Pudumjee Paper Products Limited,14.474638
NDL Ventures Limited,248.93617
Sigma Solve Limited,43.369568
Orbit Exports Limited,15.157109
GeeCee Ventures Limited,493.75
Vardhman Acrylics Limited,31.305418
Geekay Wires Limited,16.97163
Liberty Shoes Limited,79.18736
Advani Hotels & Resorts (India) Limited,28.962616
Sarla Performance Fibers Limited,34.01099
South West Pinnacle Exploration Limited,78.02691
Vikas EcoTech Limited,52.5
IFB Agro Industries Limited,26.851753
SPML Infra Limited,60.614525
Wealth First Portfolio Managers Limited,21.604692
SIL Investments Limited,16.449457
N. B. I. Industrial Finance Company Limited,71.31618
Oswal Agro Mills Limited,91.416664
MODISON LIMITED,28.401165
Synergy Green Industries Limited,65.632385
Sahyadri Industries Limited,16.65895
AVG Logistics Limited,42.345493
R.P.P. Infra Projects Limited,10.115254
Hitech Corporation Limited,17.233217
Plaza Wires Limited,59.912792
Shyam Century Ferrous Limited,35.985916
Kothari Sugars And Chemicals Limited,11.995797
Shemaroo Entertainment Limited,61.57434
Kriti Nutrients Limited,16.47265
ShreeOswal Seeds And Chemicals Limited,74.799995
UFO Moviez India Limited,141.29465
Nureca Limited,391.68423
Lords Chloro Alkali Limited,23.718596
BPL Limited,6.779975
Sakuma Exports Limited,24.481134
Trigyn Technologies Limited,11.671687
Wanbury Limited,49.749165
Alankit Limited,16.336208
Nupur Recyclers Limited,51.184837
Bhartiya International Limited,8.152657
Industrial Investment Trust Limited,23.248175
KCP Sugar and Industries Corporation Limited,4.612172
TPL Plastech Limited,27.186047
Poddar Pigments Limited,14.173457
Ruchira Papers Limited,6.0392156
Shree Rama Multi-Tech Limited,45.289856
Nath Bio-Genes (India) Limited,11.376776
Apollo Sindoori Hotels Limited,33.89779
Euro India Fresh Foods Limited,290.40817
Remsons Industries Limited,49.966446
VIP Clothing Limited,74.838715
Mawana Sugars Limited,12.332904
Rama Phosphates Limited,31.25523
Kothari Products Limited,32.876568
Anmol India Limited,15.1375
IL&FS Investment Managers Limited,36.470585
Megastar Foods Limited,31.725662
Mahindra EPC Irrigation Limited,444.24243
Rana Sugars Limited,7.6205792
SRG Housing Finance Limited,20.105707
Dynemic Products Limited,62.97385
Star Paper Mills Limited,6.681674
Asahi Songwon Colors Limited,265.04132
Dev Information Technology Limited,44.94382
Inspirisys Solutions Limited,218.7963
Shreyans Industries Limited,4.103746
Nila Infrastructures Limited,157.14285
Uravi T and Wedge Lamps Limited,306.80954
Rudrabhishek Enterprises Limited,26.283068
Ponni Sugars (Erode) Limited,9.323977
Sheetal Cool Products Limited,18.788483
Emkay Global Financial Services Limited,34.550323
Sarthak Metals Limited,18.30595
Starteck Finance Limited,11.585232
Sintercom India Limited,608.3334
Tips Films Limited,13.80043
Premier Polyfilm Limited,20.103405
Airan Limited,34.325844
Career Point Limited,21.080196
Sakthi Sugars Limited,1.3971963
IZMO Limited,16.244635
Pasupati Acrylon Limited,31.014492
Bhagyanagar India Limited,6.146848
Zodiac Clothing Company Limited,49.07666
Mahalaxmi Rubtech Limited,33.22064
Sah Polymers Limited,140.82278
Ravinder Heights Limited,48.83333
Mangalam Organics Limited,65.647064
Harrisons Malayalam Limited,123.93333
Integra Essentia Limited,49.615383
Laxmi Goldorna House Limited,1010.5263
GSS Infotech Limited,78.04246
Manaksia Steels Limited,20.710955
Murudeshwar Ceramics Limited,53.737373
Jayshree Tea & Industries Limited,36.08108
Gujarat Apollo Industries Limited,34.11968
DELPHI WORLD MONEY LIMITED,19.812109
PIL ITALICA LIFESTYLE LIMITED,70.5
Electrotherm (India) Limited,3.0924025
Tembo Global Industries Limited,47.69737
Hindcon Chemicals Limited,32.329193
Pritika Auto Industries Limited,29.149658
Aaron Industries Limited,49.237747
Virinchi Limited,12.70979
Rajnandini Metal Limited,23.358208
Zodiac Energy Limited,71.3941
K.M.Sugar Mills Limited,8.2992325
Elgi Rubber Company Limited,18.235294
Raj Television Network Limited,239.82143
Priti International Limited,27.232895
GP Petroleums Limited,17.290697
TRF Limited,9.028629
Manomay Tex India Limited,24.30052
Superhouse Limited,12.342501
North Eastern Carrying Corporation Limited,33.54839
Baid Finserv Limited,24.017857
Aries Agro Limited,29.54409
Par Drugs And Chemicals Limited,21.905537
Sundaram Brake Linings Limited,44.68663
Rane Engine Valve Limited,49.353073
Kapston Services Limited,27.375923
Iris Business Services Limited,49.673916
Kanpur Plastipack Limited,38.963417
Sejal Glass Limited,29.417475
Ruchi Infrastructure Limited,80.52632
Bodhi Tree Multimedia Limited,21.95967
Asian Hotels (East) Limited,13.498789
Shree Vasu Logistics Limited,110.66372
Lorenzini Apparels Limited,124.984764
The Byke Hospitality Ltd,49.492756
Compucom Software Limited,33.555557
Rajshree Polypack Limited,37.623318
Almondz Global Securities Limited,20.109613
Intense Technologies Limited,20.035112
Mangalam Global Enterprise Limited,18.196722
Hilton Metal Forging Limited,39.361702
Naga Dhunseri Group Limited,6.4012456
Ducon Infratechnologies Limited,69.33333
Maheshwari Logistics Limited,17.274775
Coral India Finance & Housing Limited,10.524535
Softtech Engineers Limited,95.21885
Aarvi Encon Limited,18.31907
IVP Limited,10.119447
Indo Thai Securities Limited,2611.6667
Welspun Investments and Commercials Limited,49.672638
Magnum Ventures Limited,11.503435
Atam Valves Limited,29.73763
Generic Engineering Construction and Projects Limited,17.117834
Country Club Hospitality & Holidays Limited,19.418606
GIR Natureview Resorts Limited,3788.3335
Reliance Chemotex Industries Limited,22.682497
Veto Switchgears And Cables Limited,13.450855
Inventure Growth & Securities Limited,30.0
Bafna Pharmaceuticals Limited,13.370013
Alpa Laboratories Limited,11.443181
BSL Limited,15.559673
Lovable Lingerie Limited,92.46988
Texmo Pipes and Products Limited,27.262997
Udayshivakumar Infra Limited,23.310501
Modi Rubber Limited,12.028688
Dc Infotech And Communication Limited,28.998734
Indiabulls Enterprises Limited,207.14285
Total Transport Systems Limited,215.0
S.A.L. Steel Limited,207.5
Reliance Home Finance Limited,0.035305575
Latteys Industries Limited,95.0
SPL Industries Limited,14.989605
Jocil Limited,25.546307
Tarmat Limited,42.456524
United Polyfab Gujarat Limited,26.48248
Archidply Industries Limited,19.665949
Airo Lam limited,32.485603
Aspinwall and Company Limited,41.899593
Vaishali Pharma Limited,31.875
Kakatiya Cement Sugar & Industries Limited,553.6956
Signet Industries Limited,15.267528
Arvee Laboratories (India) Limited,111.156456
Avonmore Capital & Management Services Limited,22.937744
Jullundur Motor Agency (Delhi) Limited,10.348735
AKI India Limited,168.5294
Rajshree Sugars & Chemicals Limited,10.653206
Manaksia Coated Metals & Industries Limited,44.08537
Emmbi Industries Limited,39.36556
Touchwood Entertainment Limited,66.855896
Weizmann Limited,23.308191
Shah Metacorp Limited,57.857147
Smartlink Holdings Limited,9.626193
DRC Systems India Limited,30.753769
Alphageo (India) Limited,89.74555
Uma Exports Limited,16.848906
Beardsell Limited,17.880795
Intrasoft Technologies Limited,24.47656
Bharat Gears Limited,199.32204
GVP Infotech Limited,24.285713
Niraj Cement Structurals Limited,60.0
RKEC Projects Limited,16.32094
B.A.G Films and Media Limited,19.402985
Lotus Eye Hospital and Institute Limited,41.417522
Worth Peripherals Limited,13.070988
Ahlada Engineers Limited,20.209003
Sikko Industries Limited,48.670517
Prakash Steelage Limited,8.444444
Indbank Merchant Banking Services Limited,32.310123
Amj Land Holdings Limited,23.138298
DJ Mediaprint & Logistics Limited,66.79325
Lambodhara Textiles Limited,24.628206
The United Nilgiri Tea Estates Company Limited,11.784103
SMS Lifesciences India Limited,38.811882
Manaksia Aluminium Company Limited,34.205605
Indian Card Clothing Company Limited,16.948471
Sumit Woods Limited,26.582914
Thomas Scott (India) Limited,42.86517
Bal Pharma Limited,62.98544
Pansari Developers Limited,49.245285
INCREDIBLE INDUSTRIES LIMITED,35.530304
Lagnam Spintex Limited,16.59132
Tirupati Forge Limited,17.263157
Standard Industries Limited,16.4
3rd Rock Multimedia Limited,1615.0
Salona Cotspin Limited,16.63361
AMD Industries Limited,17.65625
R. S. Software (India) Limited,52.483444
Century Extrusions Limited,35.487804
Kalyani Forge Limited,26.781502
Cords Cable Industries Limited,22.957626
Suryalakshmi Cotton Mills Limited,44.675674
Goyal Aluminiums Limited,1005.00006
Art Nirman Limited,1875.0
GTL Limited,2.8661845
Alkali Metals Limited,110.38462
Mahamaya Steel Industries Limited,36.621986
Shradha Infraprojects Limited,7.1725574
Tainwala Chemical and Plastic (I) Limited,25.057661
Anik Industries Limited,56.27907
The Western India Plywoods Limited,45.10896
Pioneer Embroideries Limited,61.534092
Aarey Drugs & Pharmaceuticals Limited,56.182796
Patel Integrated Logistics Limited,29.933334
MITCON Consultancy & Engineering Services Limited,61.05159
Ganges Securities Limited,31.53941
G-TEC JAINX EDUCATION LIMITED,81.26373
Orissa Bengal Carrier Limited,85.97701
Nitiraj Engineers Limited,57.94007
Times Guaranty Limited,57.65306
Crown Lifters Limited,27.925533
Debock Industries Limited,5.4022985
Hindprakash Industries Limited,68.58
BLB Limited,24.817518
DB (International) Stock Brokers Limited,20.939228
Univastu India Limited,21.802841
Aakash Exploration Services Limited,21.860464
Damodar Industries Limited,59.656864
Banka BioLoo Limited,5398.3335
Barak Valley Cements Limited,15.10025
Tokyo Plast International Limited,377.3333
AVRO INDIA LIMITED,34.12776
Steel City Securities Limited,11.5625
Hisar Metal Industries Limited,14.900516
Akshar Spintex Limited,1.4893618
Somi Conveyor Beltings Limited,30.513514
AAA Technologies Limited,37.329315
Bhandari Hosiery Exports Limited,23.04878
Ind-Swift Limited,2.2400992
Panache Digilife Limited,100.9589
Archies Limited,48.0
Teamo Productions HQ Limited,11.5
Celebrity Fashions Limited,17.222223
HEC Infra Projects Limited,68.37607
Agro Phos India Limited,20.945946
HOV Services Limited,41.481483
Cubex Tubings Limited,27.089552
Ausom Enterprise Limited,59.006847
Karma Energy Limited,20.850203
Dhruv Consultancy Services Limited,21.39535
WE WIN LIMITED,36.59794
Atal Realtech Limited,53.83333
Vinny Overseas Limited,125.0
Biofil Chemicals & Pharmaceuticals Limited,196.62161
Golden Tobacco Limited,13.46056
Zenith Exports Limited,31.606766
Ashoka Metcast Limited,20.859377
Vaswani Industries Limited,16.881443
Keynote Financial Services Limited,8.39416
Nagreeka Exports Limited,9.441914
Akg Exim Limited,31.944443
Tera Software Limited,14.652777
Compuage Infocom Limited,2.1325302
Nandani Creation Limited,140.3527
Shrenik Limited,Infinity
Vineet Laboratories Limited,11.108598
Moksh Ornaments Limited,17.061405
Kanani Industries Limited,100.833336
Paras Petrofils Limited,145.00002
Soma Textiles & Industries Limited,0.5312102
ICDS Limited,39.117645
Raj Oil Mills Limited,40.78189
Ganga Forging Limited,93.823524
Banaras Beads Limited,28.868715
Nakoda Group of Industries Limited,700.0
Diligent Media Corporation Limited,0.63106793
Globe Textiles (India) Limited,14.629629
Shekhawati Poly-Yarn Limited,15.588236
Ajooni Biotech Limited,3.453608
Lakshmi Finance & Industrial Corporation Limited,10.400445
HB Stockholdings Limited,3.5460837
Ambica Agarbathies & Aroma industries Limited,12.905661
Archidply Decor Limited,1027.7777
DSJ Keep Learning Limited,126.0
Cyber Media (India) Limited,14.945055
Tantia Constructions Limited,89.34211
Sanginita Chemicals Limited,48.98305
Libas Consumer Products Limited,53.846157
Shree Ram Proteins Limited,10.277778
Sagardeep Alloys Limited,93.59376
TGB Banquets And Hotels Limited,33.020836
Country Condo's Limited,25.0
Ace Integrated Solutions Limited,87.608696
Khandwala Securities Limited,100.3125
GACM Technologies Limited,81.66667
Williamson Magor & Company Limited,5.8154855
Gujarat Raffia Industries Limited,24.082125
Mittal Life Style Limited,46.999996
Narmada Agrobase Limited,78.13953
Kavveri Telecom Products Limited,1.0519724
Uniinfo Telecom Services Limited,23.666666
Khaitan (India) Limited,20.732483
Silgo Retail Limited,12.234848
Vaxtex Cotfab Limited,14.5
Mask Investments Limited,496.57895
Techindia Nirman Limited,24.11043
Digjam Limited,163.1356
Usha Martin Education & Solutions Limited,121.0
Viji Finance Limited,245.00002
Rajdarshan Industries Limited,36.423077
Gujarat Lease Financing Limited,65.416664
Norben Tea & Exports Limited,114.5
Sanco Industries Limited,32.307693
